{
  "source": [
    {
      "data": [
        [
          "skvělé",
          "dobré",
          "neutrální",
          "špatné",
          "příšerné"
        ],
        [
          "nádherné",
          "hezké",
          "neutrální",
          "ošklivé",
          "ohavné"
        ],
        [
          "rychlé",
          "svižné",
          "neutrální",
          "zvolna",
          "pomalé"
        ],
        [
          "neustálé",
          "časté",
          "obvyklé",
          "sporadické",
          "vzácné"
        ]
      ],
      "id": 0
    }
  ],
  "ColorsSource": [
    {
      "data": [
        "Studený",
        "Špatný",
        "Aktivní",
        "Líný",
        "Nebezpečný",
        "Bezpečný",
        "Mrtvý",
        "Živý",
        "Ženský",
        "Mužský",
        "Štěstí",
        "Smůla",
        "Horký",
        "Zdravý",
        "Dobrý",
        "Budoucnost",
        "Minulost",
        "Sladký",
        "Hořký",
        "Věřící",
        "Nevěřící",
        "Moderní",
        "Tradiční",
        "Nemocný",
        "Městský",
        "Vesnický",
        "Mladý",
        "Starý",
        "Divný"
      ],
      "id": 0
    }
  ],
  "data": [
    {
      "colors": "[[\"#A1A1A1\",\"rgb(255, 192, 33)\",\"#A1A1A1\"],[\"rgb(45, 93, 214)\",\"rgb(203, 102, 24)\",\"rgb(255, 0, 0)\"],[\"#A1A1A1\",\"null\",\"#A1A1A1\"],[\"#A1A1A1\",\"null\",\"#A1A1A1\"]]",
      "timestamp_s": 16.5,
      "id": 1
    }
  ],
  "colorsdata": [
    {
      "colors": "[\"hsl(146.53023996660787, 55.660888671875% , 50%)\",\"hsl(246.40120770854335, 65.99422200520833% , 50%)\",\"hsl(39.110885127898186, 32.32755533854167% , 50%)\",\"hsl(350.91733674080143, 81.660888671875% , 50%)\",\"hsl(350.91733674080143, 81.660888671875% , 50%)\",\"hsl(350.91733674080143, 81.660888671875% , 50%)\",\"hsl(350.91733674080143, 81.660888671875% , 50%)\",\"hsl(350.91733674080143, 81.660888671875% , 50%)\",\"hsl(350.91733674080143, 81.660888671875% , 50%)\",\"hsl(350.91733674080143, 81.660888671875% , 50%)\",\"hsl(350.91733674080143, 81.660888671875% , 50%)\",\"hsl(350.91733674080143, 81.660888671875% , 50%)\",\"hsl(350.91733674080143, 81.660888671875% , 50%)\",\"hsl(350.91733674080143, 81.660888671875% , 50%)\",\"hsl(350.91733674080143, 81.660888671875% , 50%)\",\"hsl(350.91733674080143, 81.660888671875% , 50%)\",\"hsl(350.91733674080143, 81.660888671875% , 50%)\",\"hsl(350.91733674080143, 81.660888671875% , 50%)\",\"hsl(350.91733674080143, 81.660888671875% , 50%)\",\"hsl(350.91733674080143, 81.660888671875% , 50%)\",\"hsl(350.91733674080143, 81.660888671875% , 50%)\",\"hsl(350.91733674080143, 81.660888671875% , 50%)\",\"hsl(350.91733674080143, 81.660888671875% , 50%)\",\"hsl(350.91733674080143, 81.660888671875% , 50%)\",\"hsl(350.91733674080143, 81.660888671875% , 50%)\",\"hsl(350.91733674080143, 81.660888671875% , 50%)\",\"hsl(350.91733674080143, 81.660888671875% , 50%)\",\"hsl(350.91733674080143, 81.660888671875% , 50%)\",\"hsl(350.91733674080143, 81.660888671875% , 50%)\"]",
      "id": 1
    },
    {
      "colors": "[\"hsl(240.5866935483871, 85.33681233723958% , 51.670145670572914%)\",\"hsl(25.74798387096774, 50.336812337239586% , 42.670145670572914%)\",\"hsl(104.71572580645162, 90.67014567057292% , 62.67014567057292%)\",\"hsl(24.586693548387096, 77.00347900390625% , 55.336812337239586%)\",\"hsl(3.6834677419354835, 92.33681233723958% , 46.00347900390624%)\",\"hsl(186.0060483870968, 54.670145670572914% , 55.00347900390625%)\",\"hsl(271.3608870967742, 0.6701456705729214% , 19.670145670572907%)\",\"hsl(326.5221774193548, 72.67014567057292% , 59.00347900390625%)\",\"hsl(309.1028225806452, 81.67014567057292% , 52.336812337239586%)\",\"hsl(239.42540322580643, 94.33681233723958% , 56.336812337239586%)\",\"hsl(73.36088709677419, 61.67014567057292% , 56.336812337239586%)\",\"hsl(116.9092741935484, 15.336812337239579% , 56.336812337239586%)\",\"hsl(9.48991935483871, 89.67014567057292% , 53.00347900390625%)\",\"hsl(55.36088709677419, 91.00347900390625% , 53.00347900390625%)\",\"hsl(178.4576612903226, 51.670145670572914% , 53.00347900390625%)\",\"hsl(182.52217741935482, 87.33681233723958% , 53.00347900390625%)\",\"hsl(74.52217741935483, 44.670145670572914% , 53.00347900390625%)\",\"hsl(325.3608870967742, 77.67014567057291% , 53.00347900390625%)\",\"hsl(360, 20.33681233723958% , 24.336812337239593%)\",\"hsl(125.61895161290323, 53.00347900390625% , 24.336812337239593%)\",\"hsl(176.13508064516128, 15.00347900390625% , 47.00347900390624%)\",\"hsl(65.8125, 57.670145670572914% , 53.670145670572914%)\",\"hsl(223.74798387096777, 57.00347900390625% , 53.670145670572914%)\",\"hsl(25.74798387096774, 16.00347900390625% , 42.33681233723958%)\",\"hsl(234.19959677419354, 1.00347900390625% , 41.670145670572914%)\",\"hsl(102.39314516129032, 45.670145670572914% , 41.670145670572914%)\",\"hsl(180.19959677419357, 94.67014567057292% , 49.67014567057292%)\",\"hsl(234.19959677419354, 70.33681233723959% , 20.33681233723958%)\",\"hsl(64.65120967741936, 15.670145670572921% , 25.00347900390625%)\"]",
      "id": 2
    },
    {
      "colors": "[\"hsl(209.62197580645162, 78.71875% , 56.052083333333336%)\",\"hsl(315.88004032258067, 35.05208333333333% , 56.052083333333336%)\",\"hsl(96.97681451612904, 25.05208333333333% , 56.052083333333336%)\",\"hsl(340.8477822580645, 53.38541666666667% , 67.38541666666666%)\",\"hsl(357.10584677419354, 81.05208333333333% , 67.38541666666666%)\",\"hsl(227.04133064516128, 34.05208333333334% , 67.38541666666666%)\",\"hsl(321.68649193548384, 6.052083333333343% , 6.052083333333343%)\",\"hsl(60.97681451612903, 66.05208333333334% , 56.052083333333336%)\",\"hsl(28.460685483870968, 84.71875% , 56.052083333333336%)\",\"hsl(250.8477822580645, 86.38541666666667% , 56.052083333333336%)\",\"hsl(61.55745967741935, 59.71875% , 56.052083333333336%)\",\"hsl(61.55745967741935, 59.71875% , 8.052083333333343%)\",\"hsl(340.2671370967742, 89.38541666666667% , 8.052083333333343%)\",\"hsl(23.815524193548384, 67.05208333333334% , 49.05208333333333%)\",\"hsl(186.97681451612905, 82.05208333333333% , 49.05208333333333%)\",\"hsl(60.97681451612903, 88.05208333333333% , 49.05208333333333%)\",\"hsl(60.97681451612903, 88.05208333333333% , 31.052083333333343%)\",\"hsl(19.751008064516128, 86.38541666666667% , 31.052083333333343%)\",\"hsl(19.751008064516128, 86.38541666666667% , 16.385416666666657%)\",\"hsl(182.91229838709677, 82.05208333333333% , 16.385416666666657%)\",\"hsl(346.07358870967744, 87.05208333333333% , 16.385416666666657%)\",\"hsl(298.460685483871, 87.71875% , 47.71875%)\",\"hsl(298.460685483871, 87.71875% , 95.71875%)\",\"hsl(124.84778225806451, 54.71875% , 53.052083333333336%)\",\"hsl(147.4929435483871, 13.385416666666671% , 79.05208333333334%)\",\"hsl(114.3961693548387, 23.71875% , 79.05208333333334%)\",\"hsl(26.138104838709676, 88.05208333333333% , 79.05208333333334%)\",\"hsl(314.13810483870964, 45.052083333333336% , 64.05208333333333%)\",\"hsl(303.6864919354839, 77.71875% , 64.05208333333333%)\"]",